"Id","Position","First Name","Nickname","Last Name","FPPG","Played","Salary","Game","Team","Opponent","Injury Indicator","Injury Details","Tier","",""
"52491-39280","RB","Derrick","Derrick Henry","Henry","19.584615854116585","13","10200","DET@TEN","TEN","DET","","","","",""
"52491-54140","RB","Dalvin","Dalvin Cook","Cook","22.991666158040363","12","9400","CHI@MIN","MIN","CHI","","","","",""
"52491-53681","WR","Tyreek","Tyreek Hill","Hill","20.192307692307693","13","9300","KC@NO","KC","NO","","","","",""
"52491-57439","QB","Patrick","Patrick Mahomes","Mahomes","25.71692364032452","13","8900","KC@NO","KC","NO","","","","",""
"52491-16606","WR","DeAndre","DeAndre Hopkins","Hopkins","14.653846153846153","13","8600","PHI@ARI","ARI","PHI","","","","",""
"52491-33076","TE","Travis","Travis Kelce","Kelce","17.08923105093149","13","8500","KC@NO","KC","NO","","","","",""
"52491-64555","WR","Calvin","Calvin Ridley","Ridley","15.65000025431315","12","8400","TB@ATL","ATL","TB","","","","",""
"52491-22015","QB","Russell","Russell Wilson","Wilson","24.74615478515625","13","8400","SEA@WAS","SEA","WAS","","","","",""
"52491-72846","WR","A.J.","A.J. Brown","Brown","15.19999972256747","11","8300","DET@TEN","TEN","DET","","","","",""
"52491-73048","WR","DK","DK Metcalf","Metcalf","16.192307692307693","13","8200","SEA@WAS","SEA","WAS","","","","",""
"52491-63115","QB","Lamar","Lamar Jackson","Jackson","22.084999084472656","12","8200","JAC@BAL","BAL","JAC","","","","",""
"52491-54879","QB","Deshaun","Deshaun Watson","Watson","23.026153564453125","13","8100","HOU@IND","HOU","IND","","","","",""
"52491-63484","QB","Kyler","Kyler Murray","Murray","25.88000018780048","13","8000","PHI@ARI","ARI","PHI","","","","",""
"52491-6498","QB","Tom","Tom Brady","Brady","20.41076894906851","13","7900","TB@ATL","TB","ATL","","","","",""
"52491-42104","RB","Alvin","Alvin Kamara","Kamara","20.361539400540867","13","7800","KC@NO","NO","KC","","","","",""
"52491-38435","QB","Jared","Jared Goff","Goff","17.38923058143029","13","7800","NYJ@LAR","LAR","NYJ","","","","",""
"52491-21948","QB","Ryan","Ryan Tannehill","Tannehill","20.543076735276443","13","7700","DET@TEN","TEN","DET","","","","",""
"52491-64119","RB","Chris","Chris Carson","Carson","15.855555216471354","9","7600","SEA@WAS","SEA","WAS","","","","",""
"52491-85671","WR","Justin","Justin Jefferson","Jefferson","14.346153846153847","13","7600","CHI@MIN","MIN","CHI","","","","",""
"52491-6504","QB","Drew","Drew Brees","Brees","18.32666693793403","9","7500","KC@NO","NO","KC","","","","",""
"52491-45565","QB","Taysom","Taysom Hill","Hill","9.746153611403246","13","7500","KC@NO","NO","KC","","","","",""
"52491-39716","WR","Adam","Adam Thielen","Thielen","15.125","12","7500","CHI@MIN","MIN","CHI","","","","",""
"52491-14190","WR","Julio","Julio Jones","Jones","13.399999830457899","9","7500","TB@ATL","ATL","TB","NA","Hamstring","","",""
"52491-27050","WR","Tyler","Tyler Lockett","Lockett","13.623077392578125","13","7400","SEA@WAS","SEA","WAS","","","","",""
"52491-6616","QB","Matt","Matt Ryan","Ryan","17.153846153846153","13","7400","TB@ATL","ATL","TB","","","","",""
"52491-89675","RB","Jonathan","Jonathan Taylor","Taylor","13.333333333333334","12","7400","HOU@IND","IND","HOU","","","","",""
"52491-29685","WR","Robert","Robert Woods","Woods","13","13","7400","NYJ@LAR","LAR","NYJ","","","","",""
"52491-6654","QB","Matthew","Matthew Stafford","Stafford","17.767691979041466","13","7300","DET@TEN","DET","TEN","","","","",""
"52491-73273","RB","David","David Montgomery","Montgomery","13.858333587646484","12","7300","CHI@MIN","CHI","MIN","","","","",""
"52491-14185","QB","Cam","Cam Newton","Newton","17.50666681925456","12","7300","NE@MIA","NE","MIA","","","","",""
"52491-28643","WR","Allen","Allen Robinson II","Robinson II","13.969231238731972","13","7300","CHI@MIN","CHI","MIN","","","","",""
"52491-63591","RB","Ronald","Ronald Jones II","Jones II","12.192307692307692","13","7200","TB@ATL","TB","ATL","IR","Finger","","",""
"52491-55635","WR","Chris","Chris Godwin","Godwin","11.355555216471354","9","7200","TB@ATL","TB","ATL","","","","",""
"52491-22038","QB","Kirk","Kirk Cousins","Cousins","18.532307551457333","13","7200","CHI@MIN","MIN","CHI","","","","",""
"52491-79970","WR","Cooper","Cooper Kupp","Kupp","11.207692072941708","13","7100","NYJ@LAR","LAR","NYJ","","","","",""
"52491-32384","WR","Mike","Mike Evans","Evans","12.184614915114183","13","7100","TB@ATL","TB","ATL","","","","",""
"52491-7968","QB","Philip","Philip Rivers","Rivers","16.213846059945915","13","7100","HOU@IND","IND","HOU","","","","",""
"52491-130288","RB","James","James Robinson","Robinson","16.392308161808895","13","7000","JAC@BAL","JAC","BAL","","","","",""
"52491-22027","QB","Nick","Nick Foles","Foles","14.047499656677246","8","7000","CHI@MIN","CHI","MIN","","","","",""
"52491-38628","QB","Mitchell","Mitchell Trubisky","Trubisky","12.37111070421007","9","7000","CHI@MIN","CHI","MIN","","","","",""
"52491-38791","RB","Ezekiel","Ezekiel Elliott","Elliott","12.938461303710938","13","7000","SF@DAL","DAL","SF","NA","Calf","","",""
"52491-28573","WR","Michael","Michael Thomas","Thomas","9.12857164655413","7","7000","KC@NO","NO","KC","IR","Ankle","","",""
"52491-28744","RB","Raheem","Raheem Mostert","Mostert","12.12857164655413","7","6900","SF@DAL","SF","DAL","","","","",""
"52491-70324","QB","Carson","Carson Wentz","Wentz","17.78333282470703","12","6900","PHI@ARI","PHI","ARI","","","","",""
"52491-85798","WR","Brandon","Brandon Aiyuk","Aiyuk","13.310000610351562","10","6900","SF@DAL","SF","DAL","","","","",""
"52491-69531","QB","Jalen","Jalen Hurts","Hurts","3.3872725746848364","11","6900","PHI@ARI","PHI","ARI","","","","",""
"52491-56250","WR","Terry","Terry McLaurin","McLaurin","11.969231238731972","13","6900","SEA@WAS","WAS","SEA","","","","",""
"52491-71845","RB","Miles","Miles Sanders","Sanders","13.05","10","6800","PHI@ARI","PHI","ARI","","","","",""
"52491-52436","TE","Mark","Mark Andrews","Andrews","10.063636086203836","11","6800","JAC@BAL","BAL","JAC","","","","",""
"52491-54604","QB","Jimmy","Jimmy Garoppolo","Garoppolo","11.556666056315104","6","6800","SF@DAL","SF","DAL","IR","Ankle","","",""
"52491-45439","WR","Corey","Corey Davis","Davis","12.136363636363637","11","6800","DET@TEN","TEN","DET","","","","",""
"52491-90572","QB","Tua","Tua Tagovailoa","Tagovailoa","11.869999885559082","8","6800","NE@MIA","MIA","NE","","","","",""
"52491-22031","WR","T.Y.","T.Y. Hilton","Hilton","8.950000127156576","12","6800","HOU@IND","IND","HOU","","","","",""
"52491-41562","QB","Nick","Nick Mullens","Mullens","11.481999969482422","10","6800","SF@DAL","SF","DAL","","","","",""
"52491-89230","RB","Cam","Cam Akers","Akers","7.363636363636363","11","6700","NYJ@LAR","LAR","NYJ","","","","",""
"52491-31001","WR","Amari","Amari Cooper","Cooper","12.946154080904448","13","6700","SF@DAL","DAL","SF","","","","",""
"52491-91598","RB","D'Andre","D'Andre Swift","Swift","12.509999847412109","10","6700","DET@TEN","DET","TEN","","","","",""
"52491-14225","QB","Andy","Andy Dalton","Dalton","10.762499809265137","8","6700","SF@DAL","DAL","SF","","","","",""
"52491-63589","QB","Sam","Sam Darnold","Darnold","10.1","10","6600","NYJ@LAR","NYJ","LAR","","","","",""
"52491-30989","RB","Kenyan","Kenyan Drake","Drake","13.008333841959635","12","6600","PHI@ARI","ARI","PHI","","","","",""
"52491-61798","QB","Gardner","Gardner Minshew II","Minshew II","18.65250015258789","8","6600","JAC@BAL","JAC","BAL","","","","",""
"52491-29501","WR","Brandin","Brandin Cooks","Cooks","10.408333460489908","12","6600","HOU@IND","HOU","IND","","","","",""
"52491-25410","QB","Mike","Mike Glennon","Glennon","6.9","5","6600","JAC@BAL","JAC","BAL","","","","",""
"52491-24849","QB","Jameis","Jameis Winston","Winston","1.25","2","6500","KC@NO","NO","KC","IR","Undisclosed","","",""
"52491-11612","WR","Antonio","Antonio Brown","Brown","5.666666666666667","6","6500","TB@ATL","TB","ATL","","","","",""
"52491-73183","QB","Dwayne","Dwayne Haskins Jr.","Haskins Jr.","9.40000025431315","6","6500","SEA@WAS","WAS","SEA","","","","",""
"52491-7659","QB","Ryan","Ryan Fitzpatrick","Fitzpatrick","18.7450008392334","8","6500","NE@MIA","MIA","NE","","","","",""
"52491-8803","QB","Chase","Chase Daniel","Daniel","2.806666692097982","3","6500","DET@TEN","DET","TEN","","","","",""
"52491-90933","RB","Antonio","Antonio Gibson","Gibson","13.933333079020182","12","6500","SEA@WAS","WAS","SEA","NA","Toe","","",""
"52491-8005","QB","Alex","Alex Smith","Smith","8.387499809265137","8","6500","SEA@WAS","WAS","SEA","NA","Calf","","",""
"52491-54244","WR","Kenny","Kenny Golladay","Golladay","11.15999984741211","5","6500","DET@TEN","DET","TEN","NA","Hip","","",""
"52491-24755","WR","Jamison","Jamison Crowder","Crowder","11.333333333333334","9","6400","NYJ@LAR","NYJ","LAR","Q","Calf","","",""
"52491-85741","RB","Clyde","Clyde Edwards-Helaire","Edwards-Helaire","12.433333079020182","12","6400","KC@NO","KC","NO","","","","",""
"52491-11460","TE","Rob","Rob Gronkowski","Gronkowski","7.669230534480168","13","6300","TB@ATL","TB","ATL","","","","",""
"52491-32158","QB","Garrett","Garrett Gilbert","Gilbert","7.760000228881836","2","6300","SF@DAL","DAL","SF","","","","",""
"52491-33260","WR","DeVante","DeVante Parker","Parker","9.207692072941708","13","6300","NE@MIA","MIA","NE","NA","Hamstring","","",""
"52491-6714","QB","Joe","Joe Flacco","Flacco","11.55199966430664","5","6300","NYJ@LAR","NYJ","LAR","","","","",""
"52491-71706","TE","T.J.","T.J. Hockenson","Hockenson","10.207692072941708","13","6200","DET@TEN","DET","TEN","","","","",""
"52491-63625","RB","Nyheim","Nyheim Hines","Hines","10.553845919095552","13","6200","HOU@IND","IND","HOU","","","","",""
"52491-27986","QB","C.J.","C.J. Beathard","Beathard","2.819999933242798","4","6200","SF@DAL","SF","DAL","","","","",""
"52491-21941","QB","Robert","Robert Griffin III","Griffin III","0.9159999847412109","5","6200","JAC@BAL","BAL","JAC","IR","Thigh","","",""
"52491-52929","QB","Jake","Jake Luton","Luton","6.851999664306641","5","6200","JAC@BAL","JAC","BAL","NA","Coach's decision","","",""
"52491-56018","WR","Deebo","Deebo Samuel","Samuel","9.17142813546317","7","6200","SF@DAL","SF","DAL","NA","Hamstring","","",""
"52491-63469","QB","Ben","Ben DiNucci","DiNucci","2.3200000127156577","3","6200","SF@DAL","DAL","SF","NA","Coach's decision","","",""
"52491-60947","QB","Jarrett","Jarrett Stidham","Stidham","2.8360000610351563","5","6100","NE@MIA","NE","MIA","","","","",""
"52491-22103","WR","Marvin","Marvin Jones Jr.","Jones Jr.","10.015384380634014","13","6100","DET@TEN","DET","TEN","","","","",""
"52491-7872","QB","Brian","Brian Hoyer","Hoyer","1.5","2","6100","NE@MIA","NE","MIA","NA","Coach's decision","","",""
"52491-30447","RB","Todd","Todd Gurley II","Gurley II","11.483333587646484","12","6100","TB@ATL","ATL","TB","","","","",""
"52491-53095","QB","Kyle","Kyle Allen","Allen","11.5","4","6100","SEA@WAS","WAS","SEA","IR","Ankle","","",""
"52491-24607","QB","Chad","Chad Kelly","Kelly","0","1","6000","HOU@IND","IND","HOU","","","","",""
"52491-71710","QB","Nate","Nate Stanley","Stanley","0","0","6000","CHI@MIN","MIN","CHI","","","","",""
"52491-69694","QB","Shea","Shea Patterson","Patterson","0","0","6000","KC@NO","KC","NO","","","","",""
"52491-30788","QB","Tyler","Tyler Bray","Bray","0.24000000953674316","3","6000","CHI@MIN","CHI","MIN","","","","",""
"52491-62566","QB","Travis","Travis Jonsen","Jonsen","0","0","6000","TB@ATL","TB","ATL","","","","",""
"52491-71798","QB","Anthony","Anthony Gordon","Gordon","0","1","6000","SEA@WAS","SEA","WAS","","","","",""
"52491-39034","QB","Kurt","Kurt Benkert","Benkert","0","1","6000","TB@ATL","ATL","TB","","","","",""
"52491-64637","QB","Brian","Brian Lewerke","Lewerke","0","1","6000","NE@MIA","NE","MIA","","","","",""
"52491-27801","QB","Nate","Nate Sudfeld","Sudfeld","0","1","6000","PHI@ARI","PHI","ARI","","","","",""
"52491-57537","QB","DeShone","DeShone Kizer","Kizer","0","0","6000","DET@TEN","TEN","DET","","","","",""
"52491-45259","QB","Logan","Logan Woodside","Woodside","0.5266666809717814","3","6000","DET@TEN","TEN","DET","","","","",""
"52491-29915","QB","Brett","Brett Hundley","Hundley","0","2","6000","PHI@ARI","ARI","PHI","","","","",""
"52491-130269","QB","Reid","Reid Sinnett","Sinnett","0","1","6000","NE@MIA","MIA","NE","","","","",""
"52491-54507","QB","Alex","Alex McGough","McGough","0","0","6000","SEA@WAS","SEA","WAS","","","","",""
"52491-130312","QB","Broc","Broc Rutter","Rutter","0","1","6000","SF@DAL","SF","DAL","","","","",""
"52491-31047","QB","AJ","AJ McCarron","McCarron","0","1","6000","HOU@IND","HOU","IND","","","","",""
"52491-27982","QB","Jake","Jake Rudock","Rudock","0","1","6000","NE@MIA","MIA","NE","","","","",""
"52491-60787","QB","Bryce","Bryce Perkins","Perkins","0","2","6000","NYJ@LAR","LAR","NYJ","","","","",""
"52491-52606","QB","David","David Blough","Blough","0","1","6000","DET@TEN","DET","TEN","","","","",""
"52491-70051","QB","Tyler","Tyler Huntley","Huntley","0","1","6000","JAC@BAL","BAL","JAC","","","","",""
"52491-60840","QB","Jake","Jake Browning","Browning","0","0","6000","CHI@MIN","MIN","CHI","","","","",""
"52491-63920","QB","Josh","Josh Love","Love","0","2","6000","NYJ@LAR","LAR","NYJ","","","","",""
"52491-62945","QB","Nick","Nick Tiano","Tiano","0","0","6000","HOU@IND","HOU","IND","","","","",""
"52491-60930","RB","Myles","Myles Gaskin","Gaskin","12.074999809265137","8","6000","NE@MIA","MIA","NE","IR","Illness","","",""
"52491-69132","QB","Khalil","Khalil Tate","Tate","0","1","6000","PHI@ARI","PHI","ARI","","","","",""
"52491-6679","QB","Matt","Matt Schaub","Schaub","-0.20000000298023224","2","6000","TB@ATL","ATL","TB","","","","",""
"52491-30231","QB","Jacoby","Jacoby Brissett","Brissett","2.2199999491373696","9","6000","HOU@IND","IND","HOU","","","","",""
"52491-88602","QB","Jordan","Jordan Ta'amu","Ta'amu","0","0","6000","DET@TEN","DET","TEN","","","","",""
"52491-64115","QB","Steven","Steven Montez","Montez","0","1","6000","SEA@WAS","WAS","SEA","","","","",""
"52491-6803","QB","Josh","Josh McCown","McCown","0","1","6000","HOU@IND","HOU","IND","NA","Coach's decision","","",""
"52491-6808","QB","Matt","Matt Moore","Moore","7.043333053588867","6","6000","KC@NO","KC","NO","","","","",""
"52491-86687","WR","Marquise","Marquise Brown","Brown","8.623076805701622","13","6000","JAC@BAL","BAL","JAC","","","","",""
"52491-7844","QB","Chad","Chad Henne","Henne","3.5","2","6000","KC@NO","KC","NO","","","","",""
"52491-44715","QB","Cooper","Cooper Rush","Rush","0","1","6000","SF@DAL","DAL","SF","","","","",""
"52491-69333","QB","Jacob","Jacob Eason","Eason","0","1","6000","HOU@IND","IND","HOU","NA","Coach's decision","","",""
"52491-29445","QB","Sean","Sean Mannion","Mannion","0.18000000715255737","3","6000","CHI@MIN","MIN","CHI","","","","",""
"52491-28434","QB","Trevor","Trevor Siemian","Siemian","0.11999999731779099","1","6000","KC@NO","NO","KC","","","","",""
"52491-61253","QB","J'mar","J'mar Smith","Smith","0","1","6000","NE@MIA","NE","MIA","","","","",""
"52491-104281","QB","Jake","Jake Dolegala","Dolegala","0","1","6000","NE@MIA","NE","MIA","","","","",""
"52491-61276","QB","James","James Morgan","Morgan","0","1","6000","NYJ@LAR","NYJ","LAR","","","","",""
"52491-38767","QB","Chris","Chris Streveler","Streveler","0.10000000397364299","3","6000","PHI@ARI","ARI","PHI","","","","",""
"52491-39793","TE","George","George Kittle","Kittle","13.266666412353516","6","6000","SF@DAL","SF","DAL","IR","Foot","","",""
"52491-14194","QB","Blaine","Blaine Gabbert","Gabbert","0.033333333830038704","3","6000","TB@ATL","TB","ATL","","","","",""
"52491-26483","QB","Geno","Geno Smith","Smith","0.5600000023841858","2","6000","SEA@WAS","SEA","WAS","","","","",""
"52491-56192","QB","John","John Wolford","Wolford","0","2","6000","NYJ@LAR","LAR","NYJ","","","","",""
"52491-62364","QB","Josh","Josh Rosen","Rosen","4.595999908447266","5","6000","TB@ATL","TB","ATL","","","","",""
"52491-33702","QB","Ryan","Ryan Griffin","Griffin","0.3100000023841858","2","6000","TB@ATL","TB","ATL","NA","Coach's decision","","",""
"52491-43956","QB","David","David Fales","Fales","0","1","6000","NYJ@LAR","NYJ","LAR","","","","",""
"52491-38837","QB","Danny","Danny Etling","Etling","0","1","6000","SEA@WAS","SEA","WAS","","","","",""
"52491-72640","QB","Cole","Cole McDonald","McDonald","0","0","6000","DET@TEN","TEN","DET","","","","",""
"52491-56265","TE","Mike","Mike Gesicki","Gesicki","9.09230745755709","13","6000","NE@MIA","MIA","NE","NA","Shoulder","","",""
"52491-56286","QB","Trace","Trace McSorley","McSorley","3.1000000635782876","3","6000","JAC@BAL","BAL","JAC","IR","Knee","","",""
"52491-31716","QB","Dak","Dak Prescott","Prescott","23.18999989827474","6","6000","SF@DAL","DAL","SF","IR","Ankle","","",""
"52491-62497","RB","David","David Johnson","Johnson","10.811111450195312","9","5900","HOU@IND","HOU","IND","","","","",""
"52491-83074","TE","Dallas","Dallas Goedert","Goedert","8.219999694824219","10","5900","PHI@ARI","PHI","ARI","","","","",""
"52491-87787","RB","J.K.","J.K. Dobbins","Dobbins","8.59999974568685","12","5900","JAC@BAL","BAL","JAC","","","","",""
"52491-64242","WR","Keke","Keke Coutee","Coutee","7.759999847412109","5","5900","HOU@IND","HOU","IND","","","","",""
"52491-64576","RB","Damien","Damien Harris","Harris","8.88000030517578","10","5800","NE@MIA","NE","MIA","NA","Ankle","","",""
"52491-55552","RB","Jeff","Jeff Wilson Jr.","Wilson Jr.","8.288888719346788","9","5800","SF@DAL","SF","DAL","","","","",""
"52491-43334","RB","J.D.","J.D. McKissic","McKissic","8.115384615384615","13","5800","SEA@WAS","WAS","SEA","","","","",""
"52491-86631","WR","CeeDee","CeeDee Lamb","Lamb","10.36153822678786","13","5800","SF@DAL","DAL","SF","","","","",""
"52491-52917","WR","DJ","DJ Chark Jr.","Chark Jr.","9.599999861283736","11","5800","JAC@BAL","JAC","BAL","","","","",""
"52491-25837","RB","Duke","Duke Johnson","Johnson","6.400000138716265","11","5700","HOU@IND","HOU","IND","NA","Neck","","",""
"52491-34295","WR","Breshad","Breshad Perriman","Perriman","7.888888888888889","9","5700","NYJ@LAR","NYJ","LAR","","","","",""
"52491-6703","RB","Adrian","Adrian Peterson","Peterson","7.915384732759916","13","5700","DET@TEN","DET","TEN","","","","",""
"52491-52916","WR","Russell","Russell Gage","Gage","8.058461702786959","13","5700","TB@ATL","ATL","TB","","","","",""
"52491-47870","TE","Tyler","Tyler Higbee","Higbee","6.230769230769231","13","5700","NYJ@LAR","LAR","NYJ","","","","",""
"52491-24641","WR","Sammy","Sammy Watkins","Watkins","7.5625","8","5600","KC@NO","KC","NO","","","","",""
"52491-63634","WR","Jakobi","Jakobi Meyers","Meyers","7.866000366210938","10","5600","NE@MIA","NE","MIA","","","","",""
"52491-70157","RB","Darrell","Darrell Henderson Jr.","Henderson Jr.","8.86923100398137","13","5600","NYJ@LAR","LAR","NYJ","","","","",""
"52491-7761","TE","Jared","Jared Cook","Cook","6.916666666666667","12","5600","KC@NO","NO","KC","","","","",""
"52491-55940","WR","Chad","Chad Hansen","Hansen","10.850000381469727","2","5600","HOU@IND","HOU","IND","","","","",""
"52491-26355","TE","Logan","Logan Thomas","Thomas","7.924615126389724","13","5600","SEA@WAS","WAS","SEA","","","","",""
"52491-28473","RB","Carlos","Carlos Hyde","Hyde","7.5625","8","5600","SEA@WAS","SEA","WAS","","","","",""
"52491-40167","RB","Gus","Gus Edwards","Edwards","7.246153611403245","13","5500","JAC@BAL","BAL","JAC","","","","",""
"52491-11505","WR","Emmanuel","Emmanuel Sanders","Sanders","8.763636502352627","11","5500","KC@NO","NO","KC","","","","",""
"52491-11512","TE","Jimmy","Jimmy Graham","Graham","7.13076899601863","13","5500","CHI@MIN","CHI","MIN","","","","",""
"52491-94625","WR","Jalen","Jalen Reagor","Reagor","6.533333248562283","9","5500","PHI@ARI","PHI","ARI","","","","",""
"52491-64031","TE","Hayden","Hayden Hurst","Hurst","6.6923076923076925","13","5500","TB@ATL","ATL","TB","","","","",""
"52491-69213","WR","Michael","Michael Pittman Jr.","Pittman Jr.","6.063636086203835","11","5500","HOU@IND","IND","HOU","","","","",""
"52491-7859","WR","Julian","Julian Edelman","Edelman","7.6200002034505205","6","5500","NE@MIA","NE","MIA","IR","Knee","","",""
"52491-52922","RB","Leonard","Leonard Fournette","Fournette","8.466666327582466","9","5500","TB@ATL","TB","ATL","","","","",""
"52491-72453","WR","Denzel","Denzel Mims","Mims","6.271428789411273","7","5500","NYJ@LAR","NYJ","LAR","","","","",""
"52491-14211","RB","Mark","Mark Ingram II","Ingram II","5.111111111111111","9","5500","JAC@BAL","BAL","JAC","NA","Coach's decision","","",""
"52491-72725","TE","Irv","Irv Smith Jr.","Smith Jr.","6","9","5400","CHI@MIN","MIN","CHI","","","","",""
"52491-79998","WR","Keelan","Keelan Cole Sr.","Cole Sr.","8.984615619365986","13","5400","JAC@BAL","JAC","BAL","","","","",""
"52491-44449","WR","Willie","Willie Snead IV","Snead IV","6.754545731977983","11","5400","JAC@BAL","BAL","JAC","","","","",""
"52491-30297","TE","Trey","Trey Burton","Burton","7.1888885498046875","9","5400","HOU@IND","IND","HOU","","","","",""
"52491-6840","RB","Frank","Frank Gore","Gore","5.646153963529146","13","5400","NYJ@LAR","NYJ","LAR","","","","",""
"52491-71352","WR","Mecole","Mecole Hardman","Hardman","7","13","5400","KC@NO","KC","NO","","","","",""
"52491-32613","RB","DeAndre","DeAndre Washington","Washington","3.6500000953674316","4","5400","NE@MIA","MIA","NE","","","","",""
"52491-30678","WR","Damiere","Damiere Byrd","Byrd","7.058333079020183","12","5400","NE@MIA","NE","MIA","","","","",""
"52491-29780","TE","Zach","Zach Ertz","Ertz","5.462500095367432","8","5300","PHI@ARI","PHI","ARI","","","","",""
"52491-83081","RB","Chase","Chase Edmonds","Edmonds","9.392307574932392","13","5300","PHI@ARI","ARI","PHI","Q","Ankle","","",""
"52491-69777","WR","Darnell","Darnell Mooney","Mooney","6.63076899601863","13","5300","CHI@MIN","CHI","MIN","","","","",""
"52491-60858","WR","Christian","Christian Kirk","Kirk","8.875","12","5300","PHI@ARI","ARI","PHI","","","","",""
"52491-34331","RB","Latavius","Latavius Murray","Murray","7.976922842172476","13","5300","KC@NO","NO","KC","","","","",""
"52491-69168","WR","N'Keal","N'Keal Harry","Harry","5.220000076293945","10","5300","NE@MIA","NE","MIA","","","","",""
"52491-53097","WR","Josh","Josh Reynolds","Reynolds","6.269230769230769","13","5300","NYJ@LAR","LAR","NYJ","","","","",""
"52491-8117","WR","Danny","Danny Amendola","Amendola","6.599999861283735","11","5300","DET@TEN","DET","TEN","","","","",""
"52491-48116","TE","Jonnu","Jonnu Smith","Smith","9.10909063165838","11","5300","DET@TEN","TEN","DET","","","","",""
"52491-30733","WR","Cordarrelle","Cordarrelle Patterson","Patterson","4.3000001173753","13","5200","CHI@MIN","CHI","MIN","","","","",""
"52491-69836","WR","Collin","Collin Johnson","Johnson","4.8900001525878904","10","5200","JAC@BAL","JAC","BAL","","","","",""
"52491-28930","RB","James","James White","White","6.2090911865234375","11","5200","NE@MIA","NE","MIA","","","","",""
"52491-57651","WR","Travis","Travis Fulgham","Fulgham","9.688888549804688","9","5200","PHI@ARI","PHI","ARI","","","","",""
"52491-69956","WR","Michael","Michael Gallup","Gallup","7.669230534480168","13","5200","SF@DAL","DAL","SF","","","","",""
"52491-21980","WR","Alshon","Alshon Jeffery","Jeffery","1.75","6","5200","PHI@ARI","PHI","ARI","","","","",""
"52491-28181","RB","Le'Veon","Le'Veon Bell","Bell","4.80999984741211","10","5200","KC@NO","KC","NO","","","","",""
"52491-80546","TE","Dan","Dan Arnold","Arnold","5.525000254313151","12","5200","PHI@ARI","ARI","PHI","","","","",""
"52491-55042","TE","Dalton","Dalton Schultz","Schultz","7.115384615384615","13","5200","SF@DAL","DAL","SF","","","","",""
"52491-87859","WR","Laviska","Laviska Shenault Jr.","Shenault Jr.","7.845454822887074","11","5200","JAC@BAL","JAC","BAL","","","","",""
"52491-52495","WR","Braxton","Braxton Berrios","Berrios","4.858333269755046","12","5100","NYJ@LAR","NYJ","LAR","","","","",""
"52491-54608","RB","Jerick","Jerick McKinnon","McKinnon","9.154545177112926","11","5100","SF@DAL","SF","DAL","","","","",""
"52491-71032","WR","Devin","Devin Duvernay","Duvernay","3.053846212533804","13","5100","JAC@BAL","BAL","JAC","","","","",""
"52491-22018","WR","Mohamed","Mohamed Sanu","Sanu","4.779999923706055","5","5100","DET@TEN","DET","TEN","","","","",""
"52491-30298","TE","Jordan","Jordan Reed","Reed","5.6999999152289496","9","5100","SF@DAL","SF","DAL","","","","",""
"52491-25267","WR","Mack","Mack Hollins","Hollins","2.8499999046325684","8","5100","NE@MIA","MIA","NE","","","","",""
"52491-86780","RB","Salvon","Salvon Ahmed","Ahmed","7.300000190734863","4","5100","NE@MIA","MIA","NE","","","","",""
"52491-91047","TE","Cole","Cole Kmet","Kmet","3.4272727966308594","11","5100","CHI@MIN","CHI","MIN","","","","",""
"52491-14257","WR","Randall","Randall Cobb","Cobb","8.109999847412109","10","5100","HOU@IND","HOU","IND","IR","Toe","","",""
"52491-42028","WR","Will","Will Fuller V","Fuller V","14.763635808771307","11","5000","HOU@IND","HOU","IND","IR","Suspension","","",""
"52491-53303","RB","Matt","Matt Breida","Breida","3.211111068725586","9","5000","NE@MIA","MIA","NE","","","","",""
"52491-72776","RB","Alexander","Alexander Mattison","Mattison","4.581818320534446","11","5000","CHI@MIN","MIN","CHI","","","","",""
"52491-87122","WR","Lynn","Lynn Bowden Jr.","Bowden Jr.","2.914285659790039","7","5000","NE@MIA","MIA","NE","","","","",""
"52491-12538","D","Los Angeles","Los Angeles Rams","Rams","9.538461538461538","13","5000","NYJ@LAR","LAR","NYJ","","","","",""
"52491-71957","WR","Quintez","Quintez Cephus","Cephus","4.3666665818956165","9","5000","DET@TEN","DET","TEN","","","","",""
"52491-64827","WR","Miles","Miles Boykin","Boykin","4.05999984741211","10","5000","JAC@BAL","BAL","JAC","","","","",""
"52491-38264","WR","Demarcus","Demarcus Robinson","Robinson","5.225000063578288","12","5000","KC@NO","KC","NO","","","","",""
"52491-53640","RB","Sony","Sony Michel","Michel","5.849999745686849","6","5000","NE@MIA","NE","MIA","","","","",""
"52491-32234","RB","Malcolm","Malcolm Brown","Brown","6.907692542442908","13","5000","NYJ@LAR","LAR","NYJ","","","","",""
"52491-63050","RB","Ty","Ty Johnson","Johnson","3.9625000953674316","8","5000","NYJ@LAR","NYJ","LAR","","","","",""
"52491-23194","WR","Josh","Josh Gordon","Gordon","0","1","5000","SEA@WAS","SEA","WAS","IR","Undisclosed","","",""
"52491-71367","RB","La'Mical","La'Mical Perine","Perine","4.677777608235677","9","5000","NYJ@LAR","NYJ","LAR","IR","Ankle","","",""
"52491-61273","WR","Scotty","Scotty Miller","Miller","7.236363497647372","11","5000","TB@ATL","TB","ATL","","","","",""
"52491-41867","RB","Jordan","Jordan Wilkins","Wilkins","4.608333269755046","12","5000","HOU@IND","IND","HOU","","","","",""
"52491-40857","RB","Peyton","Peyton Barber","Barber","4.045454545454546","11","5000","SEA@WAS","WAS","SEA","","","","",""
"52491-57299","TE","Gerald","Gerald Everett","Everett","5.233333269755046","12","5000","NYJ@LAR","LAR","NYJ","","","","",""
"52491-57338","TE","Jordan","Jordan Akins","Akins","5.040000152587891","10","5000","HOU@IND","HOU","IND","","","","",""
"52491-57342","WR","Tre'Quan","Tre'Quan Smith","Smith","6.924999872843425","12","5000","KC@NO","NO","KC","","","","",""
"52491-24671","WR","Adam","Adam Humphries","Humphries","6.614285605294364","7","4900","DET@TEN","TEN","DET","IR","Concussion","","",""
"52491-79987","WR","David","David Moore","Moore","7.138461773212139","13","4900","SEA@WAS","SEA","WAS","","","","",""
"52491-54472","WR","Cam","Cam Sims","Sims","5.05","10","4900","SEA@WAS","WAS","SEA","","","","",""
"52491-12535","D","Indianapolis","Indianapolis Colts","Colts","9.692307692307692","13","4900","HOU@IND","IND","HOU","","","","",""
"52491-56708","TE","Will","Will Dissly","Dissly","3.616666793823242","12","4900","SEA@WAS","SEA","WAS","","","","",""
"52491-38301","TE","Darren","Darren Fells","Fells","5.181818181818182","11","4900","HOU@IND","HOU","IND","","","","",""
"52491-43433","RB","Boston","Boston Scott","Scott","5.484615619365986","13","4900","PHI@ARI","PHI","ARI","","","","",""
"52491-6779","RB","LeSean","LeSean McCoy","McCoy","2.5","6","4900","TB@ATL","TB","ATL","","","","",""
"52491-30403","WR","Chris","Chris Conley","Conley","4.809091047807173","11","4900","JAC@BAL","JAC","BAL","","","","",""
"52491-6883","WR","Larry","Larry Fitzgerald","Fitzgerald","5.190908952192827","11","4900","PHI@ARI","ARI","PHI","","","","",""
"52491-71521","RB","Justice","Justice Hill","Hill","1.4199999809265136","5","4900","JAC@BAL","BAL","JAC","","","","",""
"52491-63360","WR","Antonio","Antonio Callaway","Callaway","0.75","4","4900","NE@MIA","MIA","NE","","","","",""
"52491-41936","WR","Anthony","Anthony Miller","Miller","6.007692190317007","13","4900","CHI@MIN","CHI","MIN","","","","",""
"52491-64581","WR","Van","Van Jefferson Jr.","Jefferson Jr.","2.7636363289572974","11","4800","NYJ@LAR","LAR","NYJ","","","","",""
"52491-79967","TE","Adam","Adam Shaheen","Shaheen","3.35","10","4800","NE@MIA","MIA","NE","","","","",""
"52491-40118","WR","Steven","Steven Mitchell Jr.","Mitchell Jr.","5.300000190734863","1","4800","HOU@IND","HOU","IND","","","","",""
"52491-12555","D","Baltimore","Baltimore Ravens","Ravens","8.461538461538462","13","4800","JAC@BAL","BAL","JAC","","","","",""
"52491-63806","RB","Kerryon","Kerryon Johnson","Johnson","4.966666539510091","12","4800","DET@TEN","DET","TEN","","","","",""
"52491-56648","RB","Jeremy","Jeremy McNichols","McNichols","2.7538460951585035","13","4800","DET@TEN","TEN","DET","","","","",""
"52491-55689","RB","Ito","Ito Smith","Smith","3.066666603088379","12","4800","TB@ATL","ATL","TB","","","","",""
"52491-80289","WR","Kendrick","Kendrick Bourne","Bourne","6.366666793823242","12","4800","SF@DAL","SF","DAL","","","","",""
"52491-40434","WR","Greg","Greg Ward","Ward","6.592307457557092","13","4800","PHI@ARI","PHI","ARI","","","","",""
"52491-62967","WR","Preston","Preston Williams","Williams","8.225000381469727","8","4800","NE@MIA","MIA","NE","IR","Foot","","",""
"52491-55941","RB","Patrick","Patrick Laird","Laird","1.600000023841858","8","4800","NE@MIA","MIA","NE","","","","",""
"52491-69303","WR","Freddie","Freddie Swain","Swain","3.3599998474121096","10","4800","SEA@WAS","SEA","WAS","","","","",""
"52491-54010","RB","Brian","Brian Hill","Hill","4.5","13","4800","TB@ATL","ATL","TB","","","","",""
"52491-71444","RB","Travis","Travis Homer","Homer","3.144444359673394","9","4800","SEA@WAS","SEA","WAS","IR","Knee","","",""
"52491-57208","WR","KeeSean","KeeSean Johnson","Johnson","1.6714285441807337","7","4800","PHI@ARI","ARI","PHI","","","","",""
"52491-39859","TE","Jack","Jack Doyle","Doyle","4","10","4800","HOU@IND","IND","HOU","","","","",""
"52491-32703","WR","Jakeem","Jakeem Grant","Grant","4.8076923076923075","13","4800","NE@MIA","MIA","NE","NA","Hamstring","","",""
"52491-42046","TE","Durham","Durham Smythe","Smythe","3.3900001525878904","10","4700","NE@MIA","MIA","NE","","","","",""
"52491-44103","RB","Elijah","Elijah McGuire","McGuire","0","1","4700","NE@MIA","MIA","NE","","","","",""
"52491-79979","WR","Jamal","Jamal Agnew","Agnew","1.4727273420854048","11","4700","DET@TEN","DET","TEN","","","","",""
"52491-27776","RB","Tevin","Tevin Coleman","Coleman","1.7600000381469727","5","4700","SF@DAL","SF","DAL","","","","",""
"52491-104577","WR","Gunner","Gunner Olszewski","Olszewski","2.288888931274414","9","4700","NE@MIA","NE","MIA","","","","",""
"52491-11435","WR","Dez","Dez Bryant","Bryant","2.4000000953674316","2","4700","JAC@BAL","BAL","JAC","","","","",""
"52491-64744","RB","Josh","Josh Adams","Adams","3.4500001271565757","6","4700","NYJ@LAR","NYJ","LAR","","","","",""
"52491-53498","WR","Richie","Richie James","James","5.600000108991351","7","4700","SF@DAL","SF","DAL","","","","",""
"52491-56580","WR","Christian","Christian Blake","Blake","2.8857143947056363","7","4700","TB@ATL","ATL","TB","","","","",""
"52491-63759","RB","Tony","Tony Pollard","Pollard","5.476922842172476","13","4700","SF@DAL","DAL","SF","","","","",""
"52491-62994","WR","Steven","Steven Sims Jr.","Sims Jr.","3.4099998474121094","10","4700","SEA@WAS","WAS","SEA","","","","",""
"52491-29314","TE","Richard","Richard Rodgers","Rodgers","7.3125","8","4700","PHI@ARI","PHI","ARI","","","","",""
"52491-52897","RB","Darrel","Darrel Williams","Williams","3.5","10","4700","KC@NO","KC","NO","","","","",""
"52491-58041","RB","Mike","Mike Boone","Boone","1.149999976158142","4","4700","CHI@MIN","MIN","CHI","","","","",""
"52491-54007","TE","Jacob","Jacob Hollister","Hollister","3.172727411443537","11","4700","SEA@WAS","SEA","WAS","","","","",""
"52491-40843","RB","Alex","Alex Collins","Collins","5.849999904632568","2","4700","SEA@WAS","SEA","WAS","","","","",""
"52491-69581","WR","Cedrick","Cedrick Wilson","Wilson","5.230000019073486","8","4700","SF@DAL","DAL","SF","","","","",""
"52491-55366","RB","Qadree","Qadree Ollison","Ollison","0.30000001192092896","1","4600","TB@ATL","ATL","TB","NA","Coach's decision","","",""
"52491-57432","WR","Cameron","Cameron Batson","Batson","3.1857141767229353","7","4600","DET@TEN","TEN","DET","","","","",""
"52491-68712","WR","Tyler","Tyler Johnson","Johnson","4.114285605294364","7","4600","TB@ATL","TB","ATL","","","","",""
"52491-52345","WR","Brandon","Brandon Powell","Powell","1.799999970656175","13","4600","TB@ATL","ATL","TB","","","","",""
"52491-53390","WR","Zach","Zach Pascal","Pascal","5.653846153846154","13","4600","HOU@IND","IND","HOU","","","","",""
"52491-65724","RB","JaMycal","JaMycal Hasty","Hasty","4.600000063578288","6","4600","SF@DAL","SF","DAL","IR","Collarbone","","",""
"52491-130274","WR","Isaiah","Isaiah Coulter","Coulter","0","0","4600","HOU@IND","HOU","IND","","","","",""
"52491-12539","D","Miami","Miami Dolphins","Dolphins","9.923076923076923","13","4600","NE@MIA","MIA","NE","","","","",""
"52491-89384","WR","DeMichael","DeMichael Harris","Harris","2.9166666666666665","6","4600","HOU@IND","IND","HOU","NA","Coach's decision","","",""
"52491-14645","WR","Dontrelle","Dontrelle Inman","Inman","5.328571319580078","7","4600","SEA@WAS","WAS","SEA","NA","Coach's decision","","",""
"52491-24891","RB","Chris","Chris Thompson","Thompson","4.657142639160156","7","4600","JAC@BAL","JAC","BAL","IR","Back","","",""
"52491-43416","WR","Trent","Trent Taylor","Taylor","1.3600000381469726","10","4600","SF@DAL","SF","DAL","","","","",""
"52491-80294","TE","Anthony","Anthony Firkser","Firkser","4.774999936421712","12","4600","DET@TEN","TEN","DET","","","","",""
"52491-86472","WR","John","John Hightower","Hightower","2.6333334181043835","9","4600","PHI@ARI","PHI","ARI","","","","",""
"52491-32235","WR","Marcus","Marcus Johnson","Johnson","4.0625","8","4600","HOU@IND","IND","HOU","","","","",""
"52491-54782","TE","Cameron","Cameron Brate","Brate","4.15","10","4600","TB@ATL","TB","ATL","","","","",""
"52491-63078","RB","Ke'Shawn","Ke'Shawn Vaughn","Vaughn","3.25","4","4600","TB@ATL","TB","ATL","","","","",""
"52491-71359","WR","Javon","Javon Wims","Wims","1.75","8","4600","CHI@MIN","CHI","MIN","","","","",""
"52491-33472","RB","C.J.","C.J. Prosise","Prosise","2.0399999618530273","5","4600","HOU@IND","HOU","IND","NA","Ankle","","",""
"52491-57064","RB","Ryan","Ryan Nall","Nall","2.0875000953674316","8","4600","CHI@MIN","CHI","MIN","","","","",""
"52491-104176","WR","Deonte","Deonte Harris","Harris","4.188888973659939","9","4600","KC@NO","NO","KC","IR","Neck","","",""
"52491-56059","WR","Trent","Trent Sherfield","Sherfield","0.36666667461395264","3","4600","PHI@ARI","ARI","PHI","","","","",""
"52491-33557","TE","Tyler","Tyler Eifert","Eifert","4.161538344163161","13","4600","JAC@BAL","JAC","BAL","","","","",""
"52491-70422","WR","Kalif","Kalif Raymond","Raymond","2.0818181471391157","11","4600","DET@TEN","TEN","DET","IR","Undisclosed","","",""
"52491-40758","RB","Corey","Corey Clement","Clement","2.1500000953674316","8","4600","PHI@ARI","PHI","ARI","","","","",""
"52491-94087","RB","DeeJay","DeeJay Dallas","Dallas","5.377777947319879","9","4600","SEA@WAS","SEA","WAS","","","","",""
"52491-43912","WR","Chad","Chad Beebe","Beebe","2.8444444868299694","9","4600","CHI@MIN","MIN","CHI","","","","",""
"52491-63419","WR","Andy","Andy Isabella","Isabella","4.027272657914595","11","4600","PHI@ARI","ARI","PHI","","","","",""
"52491-64496","WR","Olamide","Olamide Zaccheaus","Zaccheaus","4.340000152587891","10","4600","TB@ATL","ATL","TB","IR","Toe","","",""
"52491-92168","WR","Damion","Damion Willis","Willis","0","1","4500","JAC@BAL","JAC","BAL","","","","",""
"52491-24589","WR","Jaron","Jaron Brown","Brown","0","2","4500","PHI@ARI","ARI","PHI","","","","",""
"52491-41997","WR","River","River Cracraft","Cracraft","1.149999976158142","2","4500","SF@DAL","SF","DAL","","","","",""
"52491-14358","WR","Dwayne","Dwayne Harris","Harris","-0.6666666666666666","3","4500","CHI@MIN","CHI","MIN","IR","Triceps","","",""
"52491-69655","WR","Stephen","Stephen Sullivan","Sullivan","0","1","4500","SEA@WAS","SEA","WAS","","","","",""
"52491-56356","WR","Isaiah","Isaiah Ford","Ford","3.914285659790039","7","4500","NE@MIA","MIA","NE","","","","",""
"52491-29734","RB","Ty","Ty Montgomery","Montgomery","1.5499999523162842","2","4500","KC@NO","NO","KC","","","","",""
"52491-62505","TE","MyCole","MyCole Pruitt","Pruitt","5.974999904632568","4","4500","DET@TEN","TEN","DET","","","","",""
"52491-71732","WR","Seth","Seth Dawkins","Dawkins","0","1","4500","SEA@WAS","SEA","WAS","","","","",""
"52491-94262","WR","Antonio","Antonio Gandy-Golden","Gandy-Golden","1","3","4500","SEA@WAS","WAS","SEA","IR","Hamstring","","",""
"52491-63550","WR","Isaiah","Isaiah Zuber","Zuber","1.5","4","4500","NE@MIA","NE","MIA","","","","",""
"52491-14406","RB","Bruce","Bruce Miller","Miller","0.17499999701976776","4","4500","JAC@BAL","JAC","BAL","","","","",""
"52491-71756","WR","Aaron","Aaron Fuller","Fuller","0","1","4500","SEA@WAS","SEA","WAS","","","","",""
"52491-91214","WR","Stephen","Stephen Guidry","Guidry","0","1","4500","SF@DAL","DAL","SF","IR","Opt out","","",""
"52491-63576","WR","Kirk","Kirk Merritt","Merritt","0","1","4500","NE@MIA","MIA","NE","","","","",""
"52491-70749","WR","Ryan","Ryan Becker","Becker","0","2","4500","PHI@ARI","ARI","PHI","","","","",""
"52491-63582","RB","Aca'Cedric","Aca'Cedric Ware","Ware","0","0","4500","TB@ATL","TB","ATL","","","","",""
"52491-79972","WR","Chad","Chad Williams","Williams","0","1","4500","KC@NO","KC","NO","","","","",""
"52491-71783","WR","Sean","Sean Riley","Riley","0","1","4500","NE@MIA","NE","MIA","","","","",""
"52491-79974","RB","Tarik","Tarik Cohen","Cohen","2.9","5","4500","CHI@MIN","CHI","MIN","IR","Knee - acl","","",""
"52491-63603","WR","Jared","Jared Pinkney","Pinkney","0","1","4500","TB@ATL","ATL","TB","","","","",""
"52491-30837","WR","Jordan","Jordan Matthews","Matthews","2.6500000953674316","2","4500","SF@DAL","SF","DAL","","","","",""
"52491-55414","WR","Cody","Cody Thompson","Thompson","0","1","4500","SEA@WAS","SEA","WAS","","","","",""
"52491-55417","WR","Jon'Vea","Jon'Vea Johnson","Johnson","0","1","4500","SF@DAL","DAL","SF","","","","",""
"52491-27771","WR","Cody","Cody Latimer","Latimer","0","1","4500","SEA@WAS","WAS","SEA","","","","",""
"52491-42107","WR","Robert","Robert Foster","Foster","0","1","4500","SEA@WAS","WAS","SEA","","","","",""
"52491-88186","WR","JoJo","JoJo Ward","Ward","0","2","4500","PHI@ARI","ARI","PHI","","","","",""
"52491-87165","WR","Ahmad","Ahmad Wagner","Wagner","0","2","4500","CHI@MIN","CHI","MIN","","","","",""
"52491-61570","RB","Chandler","Chandler Cox","Cox","0.6333333253860474","3","4500","NE@MIA","MIA","NE","NA","Coach's decision","","",""
"52491-84101","WR","Vyncint","Vyncint Smith","Smith","0.5999999841054281","3","4500","NYJ@LAR","NYJ","LAR","","","","",""
"52491-83083","WR","Justin","Justin Watson","Watson","2.5799999237060547","5","4500","TB@ATL","TB","ATL","NA","Coach's decision","","",""
"52491-83086","WR","Daurice","Daurice Fountain","Fountain","1.099999984105428","3","4500","HOU@IND","IND","HOU","","","","",""
"52491-47249","WR","Darvin","Darvin Kidsy","Kidsy","0","1","4500","SEA@WAS","SEA","WAS","","","","",""
"52491-61593","WR","Jauan","Jauan Jennings","Jennings","0","1","4500","SF@DAL","SF","DAL","","","","",""
"52491-28827","RB","Dare","Dare Ogunbowale","Ogunbowale","0.48571429933820454","7","4500","JAC@BAL","JAC","BAL","","","","",""
"52491-42142","RB","Jordan","Jordan Howard","Howard","4.199999945504325","7","4500","PHI@ARI","PHI","ARI","","","","",""
"52491-63646","WR","Lawrence","Lawrence Cager","Cager","1.5","3","4500","NYJ@LAR","NYJ","LAR","","","","",""
"52491-25760","WR","Allen","Allen Hurns","Hurns","0","1","4500","NE@MIA","MIA","NE","IR","Opt out","","",""
"52491-62628","WR","DeAndre","DeAndre Carter","Carter","-0.06999999880790711","10","4500","CHI@MIN","CHI","MIN","IR","Illness","","",""
"52491-61606","WR","George","George Campbell","Campbell","0","1","4500","NYJ@LAR","NYJ","LAR","","","","",""
"52491-29866","RB","Paul","Paul Perkins","Perkins","1.433333396911621","3","4500","HOU@IND","IND","HOU","","","","",""
"52491-65706","WR","Deontay","Deontay Burnett","Burnett","1.7000000476837158","2","4500","PHI@ARI","PHI","ARI","","","","",""
"52491-139438","RB","Pete","Pete Guerriero","Guerriero","0","2","4500","NYJ@LAR","NYJ","LAR","","","","",""
"52491-96433","WR","Jermiah","Jermiah Braswell","Braswell","0","2","4500","PHI@ARI","ARI","PHI","","","","",""
"52491-52405","WR","Jalen","Jalen Hurd","Hurd","0","1","4500","SF@DAL","SF","DAL","IR","Knee - acl","","",""
"52491-52409","RB","Jakob","Jakob Johnson","Johnson","1.9285714285714286","7","4500","NE@MIA","NE","MIA","","","","",""
"52491-52410","WR","Josh","Josh Malone","Malone","1.2000000476837158","4","4500","NYJ@LAR","NYJ","LAR","","","","",""
"52491-61631","WR","Olabisi","Olabisi Johnson","Johnson","3.7285714830671037","7","4500","CHI@MIN","MIN","CHI","","","","",""
"52491-68800","WR","Jaleel","Jaleel Scott","Scott","1.0499999523162842","2","4500","NYJ@LAR","NYJ","LAR","","","","",""
"52491-25813","WR","Phillip","Phillip Dorsett II","Dorsett II","0","1","4500","SEA@WAS","SEA","WAS","IR","Foot","","",""
"52491-48344","WR","Albert","Albert Wilson","Wilson","0","1","4500","NE@MIA","MIA","NE","IR","Opt out","","",""
"52491-55514","RB","Buddy","Buddy Howell","Howell","2.5","2","4500","HOU@IND","HOU","IND","","","","",""
"52491-130268","WR","Josh","Josh Pearson","Pearson","0","0","4500","TB@ATL","TB","ATL","","","","",""
"52491-130275","WR","Kristian","Kristian Wilkerson","Wilkerson","0","1","4500","NE@MIA","NE","MIA","","","","",""
"52491-93413","WR","Terry","Terry Wright","Wright","0","1","4500","NE@MIA","MIA","NE","","","","",""
"52491-130276","WR","Mason","Mason Kinsey","Kinsey","0","1","4500","NE@MIA","NE","MIA","","","","",""
"52491-130279","WR","Matt","Matt Cole","Cole","0","1","4500","NE@MIA","MIA","NE","","","","",""
"52491-130284","WR","Marvelle","Marvelle Ross","Ross","0","2","4500","JAC@BAL","JAC","BAL","","","","",""
"52491-45299","RB","David","David Fluellen","Fluellen","0","0","4500","DET@TEN","TEN","DET","","","","",""
"52491-94453","RB","Darwin","Darwin Thompson","Thompson","0.800000011920929","4","4500","KC@NO","KC","NO","O","Illness","","",""
"52491-61689","RB","James","James Gilbert","Gilbert","0","2","4500","NYJ@LAR","LAR","NYJ","","","","",""
"52491-45307","WR","Rodney","Rodney Adams","Adams","0","2","4500","CHI@MIN","CHI","MIN","","","","",""
"52491-88317","RB","Javon","Javon Leake","Leake","0","1","4500","SEA@WAS","WAS","SEA","","","","",""
"52491-69884","RB","Darius","Darius Anderson","Anderson","0","1","4500","HOU@IND","IND","HOU","","","","",""
"52491-130303","WR","Shane","Shane Leatherbury","Leatherbury","0","2","4500","PHI@ARI","ARI","PHI","","","","",""
"52491-130302","WR","Devin","Devin Phelps","Phelps","0","2","4500","PHI@ARI","ARI","PHI","","","","",""
"52491-32000","TE","Luke","Luke Willson","Willson","0.5666666825612386","3","4500","JAC@BAL","BAL","JAC","","","","",""
"52491-130309","WR","J.J.","J.J. Koski","Koski","0","2","4500","NYJ@LAR","LAR","NYJ","","","","",""
"52491-41221","WR","Andre","Andre Patton","Patton","0","2","4500","NE@MIA","MIA","NE","","","","",""
"52491-12550","D","Seattle","Seattle Seahawks","Seahawks","6.3076923076923075","13","4500","SEA@WAS","SEA","WAS","","","","",""
"52491-130311","WR","Earnest","Earnest Edwards","Edwards","0","2","4500","NYJ@LAR","LAR","NYJ","","","","",""
"52491-69894","RB","Sewo","Sewo Olonilua","Olonilua","0","1","4500","SF@DAL","DAL","SF","","","","",""
"52491-130315","WR","Chris","Chris Rowland","Rowland","0","1","4500","TB@ATL","ATL","TB","","","","",""
"52491-130317","WR","Juwan","Juwan Green","Green","0","1","4500","TB@ATL","ATL","TB","","","","",""
"52491-130318","RB","Mikey","Mikey Daniel","Daniel","0","1","4500","TB@ATL","ATL","TB","","","","",""
"52491-130320","WR","Aaron","Aaron Parker","Parker","0","1","4500","SF@DAL","DAL","SF","","","","",""
"52491-64786","RB","Ryquell","Ryquell Armstead","Armstead","0","2","4500","JAC@BAL","JAC","BAL","IR","Illness","","",""
"52491-62740","WR","Malik","Malik Henry","Henry","0","0","4500","KC@NO","NO","KC","","","","",""
"52491-72981","WR","Aleva","Aleva Hifo","Hifo","0","0","4500","KC@NO","KC","NO","","","","",""
"52491-83221","RB","De'Lance","De'Lance Turner","Turner","0","1","4500","NE@MIA","MIA","NE","","","","",""
"52491-86295","RB","Mike","Mike Warren","Warren","0","2","4500","SEA@WAS","WAS","SEA","","","","",""
"52491-33047","WR","Chris","Chris Moore","Moore","0","1","4500","JAC@BAL","BAL","JAC","IR","Thigh","","",""
"52491-130329","RB","Luke","Luke Sellers","Sellers","0","1","4500","DET@TEN","DET","TEN","","","","",""
"52491-68890","WR","Devin","Devin Gray","Gray","0","1","4500","TB@ATL","ATL","TB","","","","",""
"52491-31015","WR","DeAndrew","DeAndrew White","White","0","1","4500","JAC@BAL","BAL","JAC","IR","Undisclosed","","",""
"52491-71974","WR","Malcolm","Malcolm Perry","Perry","1.5428571701049805","7","4500","NE@MIA","MIA","NE","","","","",""
"52491-57640","RB","Napoleon","Napoleon Maxwell","Maxwell","0","2","4500","CHI@MIN","CHI","MIN","","","","",""
"52491-64808","WR","Juwan","Juwan Johnson","Johnson","1.2999999523162842","2","4500","KC@NO","NO","KC","","","","",""
"52491-130345","WR","Michael","Michael Dereus","Dereus","0","1","4500","JAC@BAL","BAL","JAC","","","","",""
"52491-130351","RB","Bronson","Bronson Rechsteiner","Rechsteiner","0","1","4500","JAC@BAL","BAL","JAC","","","","",""
"52491-130350","WR","Jaylon","Jaylon Moore","Moore","0","1","4500","JAC@BAL","BAL","JAC","","","","",""
"52491-64816","WR","Brandon","Brandon Polk","Polk","0","2","4500","NYJ@LAR","LAR","NYJ","","","","",""
"52491-64828","WR","Chris","Chris Finke","Finke","0","1","4500","SF@DAL","SF","DAL","","","","",""
"52491-56649","WR","Sean","Sean Modster","Modster","0","1","4500","JAC@BAL","BAL","JAC","","","","",""
"52491-34125","WR","Geremy","Geremy Davis","Davis","0","1","4500","DET@TEN","DET","TEN","","","","",""
"52491-52560","WR","Geronimo","Geronimo Allison","Allison","0","1","4500","DET@TEN","DET","TEN","IR","Opt out","","",""
"52491-60765","WR","Brian","Brian Cole","Cole","0","1","4500","NE@MIA","MIA","NE","","","","",""
"52491-63855","WR","K.J.","K.J. Osborn","Osborn","0","8","4500","CHI@MIN","MIN","CHI","NA","Coach's decision","","",""
"52491-14704","WR","Chris","Chris Hogan","Hogan","3.133333206176758","6","4500","NYJ@LAR","NYJ","LAR","","","","",""
"52491-22898","RB","Brandon","Brandon Bolden","Bolden","0","1","4500","NE@MIA","NE","MIA","IR","Opt out","","",""
"52491-52598","WR","Johnnie","Johnnie Dixon","Dixon","0","2","4500","PHI@ARI","ARI","PHI","","","","",""
"52491-71031","WR","Lil'Jordan","Lil'Jordan Humphrey","Humphrey","0","1","4500","KC@NO","NO","KC","","","","",""
"52491-64892","RB","Bryce","Bryce Love","Love","0","1","4500","SEA@WAS","WAS","SEA","IR","Knee","","",""
"52491-71039","WR","Kelvin","Kelvin Harmon","Harmon","0","1","4500","SEA@WAS","WAS","SEA","IR","Knee - acl","","",""
"52491-70019","RB","Tavien","Tavien Feaster","Feaster","0","1","4500","DET@TEN","DET","TEN","","","","",""
"52491-64901","RB","Cameron","Cameron Scarlett","Scarlett","0","0","4500","DET@TEN","TEN","DET","","","","",""
"52491-64907","WR","JJ","JJ Arcega-Whiteside","Arcega-Whiteside","3.375","4","4500","PHI@ARI","PHI","ARI","","","","",""
"52491-43413","RB","Kenneth","Kenneth Dixon","Dixon","0","1","4500","NYJ@LAR","NYJ","LAR","","","","",""
"52491-41370","WR","Trevor","Trevor Davis","Davis","0","2","4500","SEA@WAS","WAS","SEA","","","","",""
"52491-72091","RB","Raymond","Raymond Calais","Calais","0","4","4500","NYJ@LAR","LAR","NYJ","","","","",""
"52491-41371","RB","Khalfani","Khalfani Muhammad","Muhammad","0","1","4500","CHI@MIN","MIN","CHI","","","","",""
"52491-64926","WR","Michael","Michael Jacquet III","Jacquet III","0","1","4500","PHI@ARI","PHI","ARI","","","","",""
"52491-73121","RB","Tony","Tony Jones Jr.","Jones Jr.","0","0","4500","KC@NO","NO","KC","","","","",""
"52491-28065","WR","Jehu","Jehu Chesson","Chesson","0","1","4500","NYJ@LAR","NYJ","LAR","","","","",""
"52491-32161","WR","Gehrig","Gehrig Dieter","Dieter","0","0","4500","KC@NO","KC","NO","","","","",""
"52491-47523","WR","Tajae","Tajae Sharpe","Sharpe","0","3","4500","CHI@MIN","MIN","CHI","","","","",""
"52491-60835","WR","Isaac","Isaac Whitney","Whitney","0","0","4500","TB@ATL","TB","ATL","","","","",""
"52491-60838","WR","Andre","Andre Baccellia","Baccellia","0","1","4500","NE@MIA","NE","MIA","","","","",""
"52491-80299","RB","Patrick","Patrick Ricard","Ricard","1.5571428026471819","7","4500","JAC@BAL","BAL","JAC","","","","",""
"52491-60849","WR","Blake","Blake Lynch","Lynch","0","0","4500","CHI@MIN","MIN","CHI","","","","",""
"52491-60861","WR","Damion","Damion Ratley","Ratley","1.3833333651224773","6","4500","HOU@IND","HOU","IND","","","","",""
"52491-72133","WR","Antoine","Antoine Wesley","Wesley","0","1","4500","JAC@BAL","BAL","JAC","IR","Shoulder","","",""
"52491-55750","WR","Chris","Chris Lacy","Lacy","0","1","4500","SF@DAL","DAL","SF","","","","",""
"52491-26057","RB","Michael","Michael Burton","Burton","0.824999988079071","4","4500","KC@NO","NO","KC","","","","",""
"52491-69068","RB","Jonathan","Jonathan Ward","Ward","0","3","4500","PHI@ARI","ARI","PHI","","","","",""
"52491-64974","RB","Francis","Francis Bernard","Bernard","0","1","4500","SF@DAL","DAL","SF","","","","",""
"52491-31184","RB","Jonathan","Jonathan Williams","Williams","0.8666666348775228","3","4500","DET@TEN","DET","TEN","NA","Coach's decision","","",""
"52491-103896","WR","Nsimba","Nsimba Webster","Webster","-0.18181818181818182","11","4500","NYJ@LAR","LAR","NYJ","","","","",""
"52491-103901","WR","Davion","Davion Davis","Davis","0","0","4500","CHI@MIN","MIN","CHI","","","","",""
"52491-103902","WR","Alexander","Alexander Hollins","Hollins","2.799999952316284","2","4500","CHI@MIN","MIN","CHI","","","","",""
"52491-6627","WR","Ted","Ted Ginn Jr.","Ginn Jr.","0.9166666666666666","6","4500","CHI@MIN","CHI","MIN","","","","",""
"52491-14820","RB","Nick","Nick Bellore","Bellore","0.949999988079071","2","4500","SEA@WAS","SEA","WAS","","","","",""
"52491-60910","WR","Dede","Dede Westbrook","Westbrook","-0.36666667461395264","3","4500","JAC@BAL","JAC","BAL","IR","Knee - acl","","",""
"52491-57840","RB","Rashaad","Rashaad Penny","Penny","0","1","4500","SEA@WAS","SEA","WAS","","","","",""
"52491-32243","WR","Marquise","Marquise Goodwin","Goodwin","0","1","4500","PHI@ARI","PHI","ARI","IR","Opt out","","",""
"52491-28157","WR","Bennie","Bennie Fowler III","Fowler III","2.0999999046325684","1","4500","KC@NO","NO","KC","IR","Shoulder - labrum","","",""
"52491-29183","RB","D.J.","D.J. Foster","Foster","0.4666666587193807","3","4500","PHI@ARI","ARI","PHI","","","","",""
"52491-39428","RB","Kyle","Kyle Juszczyk","Juszczyk","4.115384615384615","13","4500","SF@DAL","SF","DAL","","","","",""
"52491-23046","RB","Jamize","Jamize Olawale","Olawale","0","1","4500","SF@DAL","DAL","SF","IR","Opt out","","",""
"52491-88590","RB","Scottie","Scottie Phillips","Phillips","0","0","4500","HOU@IND","HOU","IND","","","","",""
"52491-29201","WR","Maurice","Maurice Harris","Harris","0","0","4500","KC@NO","NO","KC","","","","",""
"52491-22035","WR","Travis","Travis Benjamin","Benjamin","0","1","4500","SF@DAL","SF","DAL","IR","Opt out","","",""
"52491-22037","RB","Lamar","Lamar Miller","Miller","0.5333333412806193","3","4500","SEA@WAS","WAS","SEA","NA","Coach's decision","","",""
"52491-55830","RB","D'Onta","D'Onta Foreman","Foreman","3.3","5","4500","DET@TEN","TEN","DET","NA","Coach's decision","","",""
"52491-69150","WR","Jordan","Jordan Veasy","Veasy","0","1","4500","SEA@WAS","WAS","SEA","","","","",""
"52491-33320","RB","Senorise","Senorise Perry","Perry","0.8999999761581421","1","4500","DET@TEN","TEN","DET","","","","",""
"52491-52776","WR","Marcus","Marcus Green","Green","0","1","4500","PHI@ARI","PHI","ARI","","","","",""
"52491-69164","WR","Kyle","Kyle Williams","Williams","0","0","4500","DET@TEN","TEN","DET","","","","",""
"52491-60977","RB","Ty'Son","Ty'Son Williams","Williams","0","1","4500","JAC@BAL","BAL","JAC","","","","",""
"52491-57909","RB","Marlon","Marlon Mack","Mack","3.549999952316284","2","4500","HOU@IND","IND","HOU","IR","Achilles","","",""
"52491-103992","WR","Emmanuel","Emmanuel Butler","Butler","0","0","4500","KC@NO","NO","KC","","","","",""
"52491-103995","WR","Alex","Alex Wesley","Wesley","0","2","4500","CHI@MIN","CHI","MIN","","","","",""
"52491-62012","RB","Anthony","Anthony Jones","Jones","0","1","4500","SEA@WAS","SEA","WAS","","","","",""
"52491-64061","WR","Johnathon","Johnathon Johnson","Johnson","0","1","4500","SEA@WAS","WAS","SEA","","","","",""
"52491-70206","RB","Jason","Jason Huntley","Huntley","0.3499999940395355","4","4500","PHI@ARI","PHI","ARI","O","Illness","","",""
"52491-103998","WR","Thomas","Thomas Ives","Ives","0","2","4500","CHI@MIN","CHI","MIN","","","","",""
"52491-64065","WR","Emanuel","Emanuel Hall","Hall","0","1","4500","SEA@WAS","WAS","SEA","IR","Achilles","","",""
"52491-69184","WR","Dillon","Dillon Mitchell","Mitchell","0","0","4500","CHI@MIN","MIN","CHI","","","","",""
"52491-32331","RB","Tra","Tra Carson","Carson","0","1","4500","DET@TEN","DET","TEN","","","","",""
"52491-104012","WR","Ashton","Ashton Dulin","Dulin","1.0142857006617956","7","4500","HOU@IND","IND","HOU","","","","",""
"52491-71246","WR","Marquez","Marquez Callaway","Callaway","3.5166667302449546","6","4500","KC@NO","NO","KC","IR","Knee","","",""
"52491-6739","WR","DeSean","DeSean Jackson","Jackson","4.6400001525878904","5","4500","PHI@ARI","PHI","ARI","IR","Ankle","","",""
"52491-63061","WR","Gary","Gary Jennings","Jennings","0","1","4500","JAC@BAL","BAL","JAC","","","","",""
"52491-27229","RB","Ameer","Ameer Abdullah","Abdullah","2.357142857142857","7","4500","CHI@MIN","MIN","CHI","","","","",""
"52491-61021","WR","Chase","Chase Harrell","Harrell","0","1","4500","SF@DAL","SF","DAL","","","","",""
"52491-54885","WR","Artavis","Artavis Scott","Scott","0","1","4500","HOU@IND","HOU","IND","","","","",""
"52491-72297","RB","Rico","Rico Dowdle","Dowdle","0.6499999761581421","2","4500","SF@DAL","DAL","SF","","","","",""
"52491-64105","RB","Patrick","Patrick Carr","Carr","0","1","4500","SEA@WAS","SEA","WAS","","","","",""
"52491-33403","WR","Tevin","Tevin Jones","Jones","0","1","4500","SF@DAL","DAL","SF","","","","",""
"52491-93824","WR","Easop","Easop Winston Jr.","Winston Jr.","0","2","4500","NYJ@LAR","LAR","NYJ","","","","",""
"52491-61060","RB","Devine","Devine Ozigbo","Ozigbo","1.75","4","4500","JAC@BAL","JAC","BAL","","","","",""
"52491-53913","WR","Cody","Cody Hollister","Hollister","1.7000000476837158","1","4500","DET@TEN","TEN","DET","","","","",""
"52491-55964","RB","Tony","Tony Brooks-James","Brooks-James","0.4000000059604645","1","4500","TB@ATL","ATL","TB","","","","",""
"52491-52902","WR","Trey","Trey Quinn","Quinn","0","3","4500","JAC@BAL","JAC","BAL","","","","",""
"52491-29351","WR","De'Anthony","De'Anthony Thomas","Thomas","0","1","4500","JAC@BAL","BAL","JAC","IR","Opt out","","",""
"52491-29357","RB","Kenjon","Kenjon Barner","Barner","0","3","4500","TB@ATL","TB","ATL","","","","",""
"52491-69295","WR","Byron","Byron Pringle","Pringle","4.259999847412109","5","4500","KC@NO","KC","NO","","","","",""
"52491-64175","WR","Hakeem","Hakeem Butler","Butler","0","2","4500","PHI@ARI","PHI","ARI","","","","",""
"52491-7856","WR","Matthew","Matthew Slater","Slater","0","1","4500","NE@MIA","NE","MIA","","","","",""
"52491-72370","RB","J.J.","J.J. Taylor","Taylor","1.975000023841858","4","4500","NE@MIA","NE","MIA","","","","",""
"52491-71355","RB","Elijah","Elijah Holyfield","Holyfield","0","1","4500","PHI@ARI","PHI","ARI","","","","",""
"52491-69310","WR","Josh","Josh Hammond","Hammond","0","2","4500","JAC@BAL","JAC","BAL","","","","",""
"52491-71360","WR","Tyler","Tyler Simmons","Simmons","0","0","4500","HOU@IND","HOU","IND","","","","",""
"52491-73414","WR","Rashad","Rashad Medaris","Medaris","0","2","4500","PHI@ARI","ARI","PHI","","","","",""
"52491-27338","RB","Rex","Rex Burkhead","Burkhead","9.509999847412109","10","4500","NE@MIA","NE","MIA","IR","Knee - acl","","",""
"52491-110282","WR","Justice","Justice Shelton-Mosley","Shelton-Mosley","0","0","4500","KC@NO","KC","NO","","","","",""
"52491-69325","WR","Riley","Riley Ridley","Ridley","1.475000023841858","4","4500","CHI@MIN","CHI","MIN","","","","",""
"52491-64205","WR","Jalen","Jalen McCleskey","McCleskey","0","1","4500","TB@ATL","ATL","TB","","","","",""
"52491-53967","RB","Nick","Nick Bawden","Bawden","0","1","4500","DET@TEN","DET","TEN","IR","Undisclosed","","",""
"52491-81616","WR","Rashard","Rashard Davis","Davis","2.0999999046325684","1","4500","DET@TEN","TEN","DET","","","","",""
"52491-63186","WR","James","James Proche","Proche","0.1727272705598311","11","4500","JAC@BAL","BAL","JAC","","","","",""
"52491-64215","RB","Karan","Karan Higdon Jr.","Higdon Jr.","0","0","4500","HOU@IND","HOU","IND","","","","",""
"52491-64222","RB","Jordan","Jordan Glasgow","Glasgow","0","2","4500","HOU@IND","IND","HOU","IR","Undisclosed","","",""
"52491-38624","RB","T.J.","T.J. Logan","Logan","0.36666666136847603","9","4500","TB@ATL","TB","ATL","IR","Knee","","",""
"52491-63201","RB","Xavier","Xavier Jones","Jones","0","3","4500","NYJ@LAR","LAR","NYJ","","","","",""
"52491-40674","WR","Jester","Jester Weah","Weah","0","1","4500","SEA@WAS","WAS","SEA","","","","",""
"52491-70372","WR","Chester","Chester Rogers","Rogers","3.7700000762939454","10","4500","DET@TEN","TEN","DET","","","","",""
"52491-56041","RB","Khari","Khari Blasingame","Blasingame","1.1800000190734863","5","4500","DET@TEN","TEN","DET","","","","",""
"52491-70383","RB","Darrynton","Darrynton Evans","Evans","1.0499999523162842","2","4500","DET@TEN","TEN","DET","","","","",""
"52491-71413","WR","Kendrick","Kendrick Rogers","Rogers","0","1","4500","SF@DAL","DAL","SF","","","","",""
"52491-71414","WR","Quartney","Quartney Davis","Davis","0","0","4500","CHI@MIN","MIN","CHI","","","","",""
"52491-64252","WR","Tony","Tony Brown","Brown","0","1","4500","SEA@WAS","WAS","SEA","","","","",""
"52491-56064","RB","Bo","Bo Scarbrough","Scarbrough","1.5499999523162842","2","4500","SEA@WAS","SEA","WAS","","","","",""
"52491-96001","RB","Sirgeo","Sirgeo Hoffman","Hoffman","0","2","4500","PHI@ARI","ARI","PHI","","","","",""
"52491-85762","RB","Eno","Eno Benjamin","Benjamin","0","2","4500","PHI@ARI","ARI","PHI","","","","",""
"52491-69383","WR","Dezmon","Dezmon Patmon","Patmon","0","1","4500","HOU@IND","IND","HOU","NA","Coach's decision","","",""
"52491-61200","WR","Jaylinn","Jaylinn Hawkins","Hawkins","0","1","4500","TB@ATL","ATL","TB","","","","",""
"52491-28437","RB","Danny","Danny Vitale","Vitale","0","1","4500","NE@MIA","NE","MIA","IR","Opt out","","",""
"52491-29466","RB","Ricky","Ricky Ortiz","Ortiz","1.2999999523162842","1","4500","KC@NO","NO","KC","","","","",""
"52491-56099","RB","Cullen","Cullen Gillaspia","Gillaspia","0.550000011920929","2","4500","HOU@IND","HOU","IND","IR","Back","","",""
"52491-72493","WR","Trishton","Trishton Jackson","Jackson","0","2","4500","NYJ@LAR","LAR","NYJ","","","","",""
"52491-28463","WR","Austin","Austin Carr","Carr","1.2999999523162842","2","4500","KC@NO","NO","KC","","","","",""
"52491-55088","WR","Malik","Malik Turner","Turner","0","1","4500","SF@DAL","DAL","SF","NA","Coach's decision","","",""
"52491-27441","RB","Damien","Damien Williams","Williams","11.4636362249201","11","4500","KC@NO","KC","NO","IR","Opt out","","",""
"52491-43826","WR","Tommylee","Tommylee Lewis","Lewis","0.8666666348775228","3","4500","KC@NO","NO","KC","","","","",""
"52491-65331","RB","Sutton","Sutton Smith","Smith","0","1","4500","SEA@WAS","SEA","WAS","","","","",""
"52491-32564","WR","Josh","Josh Doctson","Doctson","0","1","4500","NYJ@LAR","NYJ","LAR","IR","Opt out","","",""
"52491-41780","WR","Chris","Chris Thompson","Thompson","0","1","4500","SF@DAL","SF","DAL","IR","Undisclosed","","",""
"52491-71477","WR","Maurice","Maurice Ffrench","Ffrench","0","0","4500","KC@NO","KC","NO","","","","",""
"52491-22336","WR","Josh","Josh Bellamy","Bellamy","0","1","4500","NYJ@LAR","NYJ","LAR","","","","",""
"52491-31561","WR","Donte","Donte Moncrief","Moncrief","0.6000000238418579","4","4500","NE@MIA","NE","MIA","NA","Thigh","","",""
"52491-41806","WR","Laquon","Laquon Treadwell","Treadwell","3.700000047683716","2","4500","TB@ATL","ATL","TB","","","","",""
"52491-28502","WR","Devin","Devin Smith","Smith","6.599999745686849","3","4500","NE@MIA","NE","MIA","","","","",""
"52491-104282","RB","Wes","Wes Hills","Hills","0","1","4500","DET@TEN","DET","TEN","","","","",""
"52491-44893","RB","Roosevelt","Roosevelt Nix","Nix","0","1","4500","HOU@IND","IND","HOU","","","","",""
"52491-104284","RB","Bruce","Bruce Anderson III","Anderson III","0","1","4500","HOU@IND","IND","HOU","","","","",""
"52491-64350","WR","Jeff","Jeff Smith","Smith","3.1500000953674316","8","4500","NYJ@LAR","NYJ","LAR","","","","",""
"52491-70501","RB","C.J.","C.J. Ham","Ham","1.6100000381469726","10","4500","CHI@MIN","MIN","CHI","","","","",""
"52491-64357","WR","Michael","Michael Walker","Walker","0","2","4500","JAC@BAL","JAC","BAL","","","","",""
"52491-41857","RB","Dalyn","Dalyn Dawkins","Dawkins","1.2999999523162842","2","4500","DET@TEN","DET","TEN","","","","",""
"52491-64389","WR","Nick","Nick Westbrook-Ikhine","Westbrook-Ikhine","0.7333333492279053","6","4500","DET@TEN","TEN","DET","","","","",""
"52491-45964","WR","Marcus","Marcus Kemp","Kemp","1.600000023841858","1","4500","KC@NO","KC","NO","","","","",""
"52491-41876","WR","Quincy","Quincy Adeboyejo","Adeboyejo","0","1","4500","NE@MIA","NE","MIA","IR","Undisclosed","","",""
"52491-64405","WR","Dan","Dan Chisena","Chisena","0","0","4500","CHI@MIN","MIN","CHI","","","","",""
"52491-29593","WR","Marqise","Marqise Lee","Lee","0","1","4500","NE@MIA","NE","MIA","IR","Opt out","","",""
"52491-71578","RB","Artavis","Artavis Pierce","Pierce","0.29999999205271405","3","4500","CHI@MIN","CHI","MIN","NA","Coach's decision","","",""
"52491-14237","TE","Kyle","Kyle Rudolph","Rudolph","4.283333460489909","12","4500","CHI@MIN","MIN","CHI","NA","Foot","","",""
"52491-40866","WR","J'Mon","J'Mon Moore","Moore","0","1","4500","HOU@IND","HOU","IND","","","","",""
"52491-63399","WR","Terry","Terry Godwin","Godwin","0","3","4500","JAC@BAL","JAC","BAL","","","","",""
"52491-34729","RB","Dwayne","Dwayne Washington","Washington","0.375","4","4500","KC@NO","NO","KC","","","","",""
"52491-54186","WR","A.J.","A.J. Richardson","Richardson","0","2","4500","PHI@ARI","ARI","PHI","","","","",""
"52491-69558","WR","Greg","Greg Dortch","Dortch","0","2","4500","NYJ@LAR","LAR","NYJ","","","","",""
"52491-56248","WR","Noah","Noah Brown","Brown","2.288888931274414","9","4500","SF@DAL","DAL","SF","","","","",""
"52491-94136","WR","Jeff","Jeff Thomas","Thomas","0","1","4500","NE@MIA","NE","MIA","","","","",""
"52491-61379","RB","Kerrith","Kerrith Whyte Jr.","Whyte Jr.","0","1","4500","DET@TEN","DET","TEN","","","","",""
"52491-43973","RB","Keith","Keith Smith","Smith","0.5","10","4500","TB@ATL","ATL","TB","","","","",""
"52491-104388","WR","Tom","Tom Kennedy","Kennedy","0","1","4500","DET@TEN","DET","TEN","","","","",""
"52491-56262","WR","Parris","Parris Campbell","Campbell","3.8999999364217124","3","4500","HOU@IND","IND","HOU","IR","Knee - mcl","","",""
"52491-24533","TE","Mo","Mo Alie-Cox","Alie-Cox","4.615384615384615","13","4500","HOU@IND","IND","HOU","","","","",""
"52491-73687","WR","Quez","Quez Watkins","Watkins","0.4000000059604645","2","4500","PHI@ARI","PHI","ARI","","","","",""
"52491-63447","WR","Penny","Penny Hart","Hart","1.350000023841858","2","4500","SEA@WAS","SEA","WAS","NA","Coach's decision","","",""
"52491-72669","WR","Isaiah","Isaiah Wright","Wright","3.3666665818956165","9","4500","SEA@WAS","WAS","SEA","","","","",""
"52491-41954","WR","Victor","Victor Bolden","Bolden","0","1","4500","DET@TEN","DET","TEN","","","","",""
"52491-104424","RB","Craig","Craig Reynolds","Reynolds","0","2","4500","JAC@BAL","JAC","BAL","","","","",""
"52491-71661","WR","Tino","Tino Ellis","Ellis","0","0","4500","NE@MIA","MIA","NE","","","","",""
"52491-65518","WR","John","John Ursua","Ursua","0","1","4500","SEA@WAS","SEA","WAS","","","","",""
"52491-26610","WR","Paul","Paul Richardson Jr.","Richardson Jr.","0","1","4500","SEA@WAS","SEA","WAS","","","","",""
"52491-72693","RB","Adrian","Adrian Killins","Killins","-0.25","2","4500","PHI@ARI","PHI","ARI","","","","",""
"52491-14327","RB","Anthony","Anthony Sherman","Sherman","1.7999999523162842","4","4500","KC@NO","KC","NO","","","","",""
"52491-28694","TE","Jesse","Jesse James","James","3.288888931274414","9","4400","DET@TEN","DET","TEN","","","","",""
"52491-55336","TE","Chris","Chris Herndon","Herndon","2.470000076293945","10","4400","NYJ@LAR","NYJ","LAR","","","","",""
"52491-83138","TE","Ross","Ross Dwelley","Dwelley","3.3099998474121093","10","4400","SF@DAL","SF","DAL","","","","",""
"52491-12527","D","Chicago","Chicago Bears","Bears","6.3076923076923075","13","4400","CHI@MIN","CHI","MIN","","","","",""
"52491-38523","TE","Geoff","Geoff Swaim","Swaim","3.133333206176758","6","4400","DET@TEN","TEN","DET","NA","Ankle","","",""
"52491-60451","TE","Tyler","Tyler Conklin","Conklin","2.7750000953674316","4","4300","CHI@MIN","MIN","CHI","","","","",""
"52491-130270","TE","Adam","Adam Trautman","Trautman","3.012500047683716","8","4300","KC@NO","NO","KC","","","","",""
"52491-12536","D","Kansas City","Kansas City Chiefs","Chiefs","7.6923076923076925","13","4300","KC@NO","KC","NO","","","","",""
"52491-12546","D","Arizona","Arizona Cardinals","Cardinals","6.538461538461538","13","4300","PHI@ARI","ARI","PHI","","","","",""
"52491-55609","TE","Ryan","Ryan Izzo","Izzo","2.4399999618530273","10","4300","NE@MIA","NE","MIA","IR","Neck","","",""
"52491-12549","D","San Francisco","San Francisco 49ers","49ers","6.076923076923077","13","4200","SF@DAL","SF","DAL","","","","",""
"52491-12552","D","Washington","Washington Football Team","Football Team","8.076923076923077","13","4200","SEA@WAS","WAS","SEA","","","","",""
"52491-34073","TE","Ryan","Ryan Griffin","Griffin","2.6200000762939455","5","4200","NYJ@LAR","NYJ","LAR","","","","",""
"52491-41469","TE","Darrell","Darrell Daniels","Daniels","2.883333206176758","6","4200","PHI@ARI","ARI","PHI","","","","",""
"52491-28346","TE","Maxx","Maxx Williams","Williams","2.2142857142857144","7","4200","PHI@ARI","ARI","PHI","","","","",""
"52491-71386","TE","Jordan","Jordan Thomas","Thomas","1.7000000476837158","4","4200","NE@MIA","NE","MIA","NA","Coach's decision","","",""
"52491-29411","TE","Pharaoh","Pharaoh Brown","Brown","3.4","5","4200","HOU@IND","HOU","IND","","","","",""
"52491-62508","TE","James","James O'Shaughnessy","O'Shaughnessy","2.8999999364217124","12","4100","JAC@BAL","JAC","BAL","","","","",""
"52491-12541","D","New England","New England Patriots","Patriots","7.6923076923076925","13","4100","NE@MIA","NE","MIA","","","","",""
"52491-83220","TE","Nick","Nick Keizer","Keizer","0.9125000238418579","8","4100","KC@NO","KC","NO","","","","",""
"52491-65839","TE","Kahale","Kahale Warring","Warring","0","2","4100","HOU@IND","HOU","IND","","","","",""
"52491-31169","TE","Jeremy","Jeremy Sprinkle","Sprinkle","0.2750000059604645","4","4100","SEA@WAS","WAS","SEA","","","","",""
"52491-39492","TE","Josh","Josh Hill","Hill","1.8250000476837158","8","4100","KC@NO","NO","KC","","","","",""
"52491-19342","TE","Demetrius","Demetrius Harris","Harris","0.8888888888888888","9","4100","CHI@MIN","CHI","MIN","","","","",""
"52491-85994","TE","Dalton","Dalton Keene","Keene","0.6499999761581421","2","4100","NE@MIA","NE","MIA","","","","",""
"52491-40977","TE","Ricky","Ricky Seals-Jones","Seals-Jones","0","1","4000","KC@NO","KC","NO","","","","",""
"52491-27672","TE","Matt","Matt LaCosse","LaCosse","0","1","4000","NE@MIA","NE","MIA","IR","Opt out","","",""
"52491-62510","TE","Nick","Nick Boyle","Boyle","3.3666665818956165","9","4000","JAC@BAL","BAL","JAC","IR","Knee - mcl","","",""
"52491-70705","TE","Trevon","Trevon Wesco","Wesco","0.3333333333333333","3","4000","NYJ@LAR","NYJ","LAR","","","","",""
"52491-64563","TE","Hale","Hale Hentges","Hentges","0","1","4000","CHI@MIN","MIN","CHI","NA","Coach's decision","","",""
"52491-63565","TE","Jake","Jake Breeland","Breeland","0","1","4000","JAC@BAL","BAL","JAC","IR","Knee - acl","","",""
"52491-30800","TE","Jason","Jason Croom","Croom","6.800000190734863","1","4000","PHI@ARI","PHI","ARI","","","","",""
"52491-71767","TE","Caleb","Caleb Wilson","Wilson","0","1","4000","PHI@ARI","PHI","ARI","","","","",""
"52491-64603","TE","Farrod","Farrod Green","Green","0","1","4000","HOU@IND","IND","HOU","","","","",""
"52491-79980","TE","Eric","Eric Saubert","Saubert","0.34000000953674314","5","4000","JAC@BAL","JAC","BAL","","","","",""
"52491-68730","TE","Sean","Sean McKeon","McKeon","0","1","4000","SF@DAL","DAL","SF","","","","",""
"52491-58499","TE","Parker","Parker Hesse","Hesse","0","0","4000","DET@TEN","TEN","DET","","","","",""
"52491-80011","TE","Antony","Antony Auclair","Auclair","0","1","4000","TB@ATL","TB","ATL","NA","Coach's decision","","",""
"52491-62617","TE","Khari","Khari Lee","Lee","0","1","4000","DET@TEN","DET","TEN","","","","",""
"52491-83117","TE","Tanner","Tanner Hudson","Hudson","1.0333333015441895","3","4000","TB@ATL","TB","ATL","","","","",""
"52491-32957","TE","Eric","Eric Tomlinson","Tomlinson","0","1","4000","JAC@BAL","BAL","JAC","","","","",""
"52491-71885","TE","Parker","Parker Houston","Houston","0","2","4000","PHI@ARI","ARI","PHI","","","","",""
"52491-63697","TE","Brycen","Brycen Hopkins","Hopkins","0","2","4000","NYJ@LAR","LAR","NYJ","","","","",""
"52491-57556","TE","Jerome","Jerome Cunningham","Cunningham","0","1","4000","SEA@WAS","WAS","SEA","","","","",""
"52491-11488","TE","Ed","Ed Dickson","Dickson","0","1","4000","SEA@WAS","SEA","WAS","","","","",""
"52491-130273","TE","Dylan","Dylan Stapleton","Stapleton","0","0","4000","HOU@IND","HOU","IND","","","","",""
"52491-52463","TE","Daniel","Daniel Helm","Helm","0","1","4000","SF@DAL","SF","DAL","","","","",""
"52491-130286","TE","Ben","Ben Ellefson","Ellefson","0.875","4","4000","JAC@BAL","JAC","BAL","IR","Knee","","",""
"52491-52468","TE","Ethan","Ethan Wolf","Wolf","0","1","4000","KC@NO","NO","KC","","","","",""
"52491-61693","TE","Danny","Danny Pinter","Pinter","0","1","4000","HOU@IND","IND","HOU","","","","",""
"52491-62718","TE","Daniel","Daniel Brown","Brown","0","2","4000","NYJ@LAR","NYJ","LAR","","","","",""
"52491-29956","TE","Joshua","Joshua Perkins","Perkins","0","1","4000","PHI@ARI","PHI","ARI","IR","Upper body","","",""
"52491-12551","D","Tampa Bay","Tampa Bay Buccaneers","Buccaneers","7.615384615384615","13","4000","TB@ATL","TB","ATL","","","","",""
"52491-45335","TE","Michael","Michael Roberts","Roberts","0","1","4000","NE@MIA","MIA","NE","","","","",""
"52491-63775","TE","Scottie","Scottie Dill","Dill","0","1","4000","TB@ATL","ATL","TB","","","","",""
"52491-83253","TE","Paul","Paul Butler","Butler","0","1","4000","NE@MIA","NE","MIA","","","","",""
"52491-138552","TE","Connor","Connor Davis","Davis","0","1","4000","NYJ@LAR","NYJ","LAR","","","","",""
"52491-63839","TE","Tyler","Tyler Mabry","Mabry","0","1","4000","SEA@WAS","SEA","WAS","","","","",""
"52491-64864","TE","Noah","Noah Togiai","Togiai","0","2","4000","HOU@IND","IND","HOU","IR","Knee","","",""
"52491-25957","TE","J.P.","J.P. Holtz","Holtz","0","6","4000","CHI@MIN","CHI","MIN","","","","",""
"52491-39286","TE","O.J.","O.J. Howard","Howard","8.024999618530273","4","4000","TB@ATL","TB","ATL","IR","Achilles","","",""
"52491-60791","TE","Tommy","Tommy Hudson","Hudson","0","0","4000","DET@TEN","TEN","DET","","","","",""
"52491-87422","TE","Dom","Dom Wood-Anderson","Wood-Anderson","0","1","4000","SEA@WAS","SEA","WAS","","","","",""
"52491-73089","TE","Devin","Devin Asiasi","Asiasi","0","2","4000","NE@MIA","NE","MIA","","","","",""
"52491-71048","TE","Thaddeus","Thaddeus Moss","Moss","0","1","4000","SEA@WAS","WAS","SEA","IR","Undisclosed","","",""
"52491-45472","TE","Garrett","Garrett Griffin","Griffin","0","0","4000","KC@NO","NO","KC","","","","",""
"52491-63907","TE","Josh","Josh Oliver","Oliver","0","2","4000","JAC@BAL","JAC","BAL","IR","Foot","","",""
"52491-40371","TE","Johnny","Johnny Mundt","Mundt","2.433333396911621","3","4000","NYJ@LAR","LAR","NYJ","","","","",""
"52491-84440","TE","Jaeden","Jaeden Graham","Graham","0.6666666666666666","6","4000","TB@ATL","ATL","TB","","","","",""
"52491-103900","TE","Brandon","Brandon Dillon","Dillon","1.100000023841858","1","4000","CHI@MIN","MIN","CHI","","","","",""
"52491-27117","TE","Sean","Sean Culkin","Culkin","0","1","4000","JAC@BAL","BAL","JAC","","","","",""
"52491-61936","TE","Caleb","Caleb Repp","Repp","0","1","4000","TB@ATL","ATL","TB","","","","",""
"52491-89588","TE","Colby","Colby Parkinson","Parkinson","1.2999999523162842","2","4000","SEA@WAS","SEA","WAS","","","","",""
"52491-62981","TE","Eli","Eli Wolf","Wolf","0","1","4000","JAC@BAL","BAL","JAC","","","","",""
"52491-60981","TE","Charlie","Charlie Heck","Heck","0","0","4000","HOU@IND","HOU","IND","NA","Coach's decision","","",""
"52491-60984","TE","Jake","Jake Bargas","Bargas","0","0","4000","CHI@MIN","MIN","CHI","","","","",""
"52491-68155","TE","Codey","Codey McElroy","McElroy","3.5","1","4000","TB@ATL","TB","ATL","","","","",""
"52491-41552","TE","Dylan","Dylan Cantrell","Cantrell","0","2","4000","NE@MIA","NE","MIA","","","","",""
"52491-55895","TE","Kendall","Kendall Blanton","Blanton","0","2","4000","NYJ@LAR","LAR","NYJ","","","","",""
"52491-56925","TE","Charles","Charles Scarff","Scarff","0","1","4000","JAC@BAL","BAL","JAC","","","","",""
"52491-56947","TE","Chris","Chris Myarick","Myarick","0","1","4000","NE@MIA","MIA","NE","","","","",""
"52491-47788","TE","Deon","Deon Yelder","Yelder","0.9000000158945719","3","4000","KC@NO","KC","NO","","","","",""
"52491-62127","TE","Cole","Cole Hikutini","Hikutini","0","1","4000","SF@DAL","DAL","SF","","","","",""
"52491-71351","TE","Charlie","Charlie Woerner","Woerner","1.433333396911621","3","4000","SF@DAL","SF","DAL","IR","Undisclosed","","",""
"52491-70335","TE","Seth","Seth DeValve","DeValve","0","3","4000","PHI@ARI","ARI","PHI","","","","",""
"52491-70342","TE","Temarrick","Temarrick Hemingway","Hemingway","0.5","3","4000","SEA@WAS","WAS","SEA","IR","Wrist","","",""
"52491-29390","TE","Evan","Evan Baylis","Baylis","0","2","4000","PHI@ARI","ARI","PHI","","","","",""
"52491-86770","TE","Hunter","Hunter Bryant","Bryant","0","1","4000","DET@TEN","DET","TEN","","","","",""
"52491-61172","TE","Tyler","Tyler Davis","Davis","0","2","4000","JAC@BAL","JAC","BAL","","","","",""
"52491-95999","TE","Charlie","Charlie Taumoepeau","Taumoepeau","0","1","4000","SF@DAL","SF","DAL","","","","",""
"52491-6914","TE","Greg","Greg Olsen","Olsen","3.9900001525878905","10","4000","SEA@WAS","SEA","WAS","IR","Foot","","",""
"52491-27403","TE","Blake","Blake Bell","Bell","1.5333333545260959","9","4000","SF@DAL","DAL","SF","","","","",""
"52491-55099","TE","Ian","Ian Bunting","Bunting","0","1","4000","HOU@IND","IND","HOU","","","","",""
"52491-70458","TE","Jason","Jason Vander Laan","Vander Laan","0","1","4000","KC@NO","NO","KC","IR","Opt out","","",""
"52491-70489","TE","Ben","Ben Braunecker","Braunecker","0","2","4000","CHI@MIN","CHI","MIN","","","","",""
"52491-63321","TE","Rashod","Rashod Berry","Berry","0","1","4000","NE@MIA","NE","MIA","","","","",""
"52491-64351","TE","Jake","Jake Burt","Burt","0","1","4000","NE@MIA","NE","MIA","","","","",""
"52491-66402","TE","Jack","Jack Driscoll","Driscoll","0","1","4000","PHI@ARI","PHI","ARI","IR","Knee - mcl","","",""
"52491-55172","TE","Cole","Cole Herdman","Herdman","0","0","4000","DET@TEN","TEN","DET","","","","",""
"52491-27527","TE","Blake","Blake Jarwin","Jarwin","0.8500000238418579","2","4000","SF@DAL","DAL","SF","IR","Knee - acl","","",""
"52491-38805","TE","Marcus","Marcus Baugh","Baugh","0.3499999940395355","2","4000","SEA@WAS","WAS","SEA","","","","",""
"52491-29592","TE","Xavier","Xavier Grimble","Grimble","0","1","4000","JAC@BAL","BAL","JAC","","","","",""
"52491-14304","TE","Luke","Luke Stocker","Stocker","0.5","7","4000","TB@ATL","ATL","TB","","","","",""
"52491-104421","TE","Jesper","Jesper Horsted","Horsted","0","2","4000","CHI@MIN","CHI","MIN","","","","",""
"52491-12534","D","Tennessee","Tennessee Titans","Titans","4.538461538461538","13","3900","DET@TEN","TEN","DET","","","","",""
"52491-12540","D","Minnesota","Minnesota Vikings","Vikings","4.461538461538462","13","3900","CHI@MIN","MIN","CHI","","","","",""
"52491-12542","D","New Orleans","New Orleans Saints","Saints","7.769230769230769","13","3800","KC@NO","NO","KC","","","","",""
"52491-12545","D","Philadelphia","Philadelphia Eagles","Eagles","6.846153846153846","13","3700","PHI@ARI","PHI","ARI","","","","",""
"52491-12530","D","Dallas","Dallas Cowboys","Cowboys","3.769230769230769","13","3600","SF@DAL","DAL","SF","","","","",""
"52491-12525","D","Atlanta","Atlanta Falcons","Falcons","5.076923076923077","13","3500","TB@ATL","ATL","TB","","","","",""
"52491-12554","D","Jacksonville","Jacksonville Jaguars","Jaguars","4.230769230769231","13","3400","JAC@BAL","JAC","BAL","","","","",""
"52491-12556","D","Houston","Houston Texans","Texans","3.923076923076923","13","3300","HOU@IND","HOU","IND","","","","",""
"52491-12532","D","Detroit","Detroit Lions","Lions","2.5384615384615383","13","3200","DET@TEN","DET","TEN","","","","",""
"52491-12544","D","New York","New York Jets","Jets","3.6923076923076925","13","3000","NYJ@LAR","NYJ","LAR","","","","",""